ssn,fname,salary,prev_salary
453453453,Joyce,25000.00,0.00
987987987,Ahmad,25000.00,25000.00
999887777,Alicia,25000.00,25000.00
123456789,John,30000.00,25000.00
666884444,Ramesh,38000.00,30000.00
333445555,Franklin,40000.00,38000.00
987654321,Jennifer,43000.00,40000.00
888665555,James,55000.00,43000.00
987654312,Advait,95000.00,55000.00
