ssn,fname,dno,total_hours
123456789,John,5,40.00
333445555,Franklin,5,40.00
453453453,Joyce,5,40.00
666884444,Ramesh,5,40.00
888665555,James,1,NULL
987654321,Jennifer,4,35.00
987987987,Ahmad,4,40.00
999887777,Alicia,4,40.00
