ssn,fname,dno,salary,prev_salary,dept_prev_sal
888665555,James,1,55000.00,43000.00,0.00
987987987,Ahmad,4,25000.00,25000.00,0.00
999887777,Alicia,4,25000.00,25000.00,25000.00
987654321,Jennifer,4,43000.00,40000.00,25000.00
453453453,Joyce,5,25000.00,0.00,0.00
123456789,John,5,30000.00,25000.00,25000.00
666884444,Ramesh,5,38000.00,30000.00,30000.00
333445555,Franklin,5,40000.00,38000.00,38000.00
987654312,Advait,5,95000.00,55000.00,40000.00
